{"cameraMode":{"drawMode":0,"name":"Shaded","section":"Shading Mode"},"sceneLighting":true,"audioPlay":false,"sceneViewState":{"showFog":false,"showMaterialUpdate":false,"showSkybox":true,"showFlares":false,"showImageEffects":false,"showParticleSystems":false},"in2DMode":false,"pivot":{"x":165.90794372558595,"y":126.76760864257813,"z":-167.0025634765625},"rotation":{"x":0.47921040654182436,"y":0.3613637685775757,"z":-0.22532464563846589,"w":0.7675797343254089},"size":12.730134963989258,"orthographic":false}