{"cameraMode":{"drawMode":0,"name":"Shaded","section":"Shading Mode"},"sceneLighting":false,"audioPlay":false,"sceneViewState":{"showFog":false,"showMaterialUpdate":false,"showSkybox":false,"showFlares":false,"showImageEffects":false,"showParticleSystems":false},"in2DMode":false,"pivot":{"x":-16.789337158203126,"y":130.88059997558595,"z":-159.55905151367188},"rotation":{"x":-0.3361412286758423,"y":0.5065873861312866,"z":-0.22349247336387635,"w":-0.7618917226791382},"size":27.28010368347168,"orthographic":false}