{"cameraMode":{"drawMode":0,"name":"Shaded","section":"Shading Mode"},"sceneLighting":true,"audioPlay":false,"sceneViewState":{"showFog":false,"showMaterialUpdate":false,"showSkybox":false,"showFlares":false,"showImageEffects":false,"showParticleSystems":false},"in2DMode":false,"pivot":{"x":42.279998779296878,"y":1.8600001335144044,"z":-15.9399995803833},"rotation":{"x":0.1079021692276001,"y":-0.8899143934249878,"z":0.2781975567340851,"w":0.3450382351875305},"size":3.058149814605713,"orthographic":false}