{"cameraMode":{"drawMode":0,"name":"Shaded","section":"Shading Mode"},"sceneLighting":false,"audioPlay":false,"sceneViewState":{"showFog":false,"showMaterialUpdate":false,"showSkybox":false,"showFlares":false,"showImageEffects":false,"showParticleSystems":false},"in2DMode":false,"pivot":{"x":137.10000610351563,"y":353.02685546875,"z":-136.60000610351563},"rotation":{"x":-0.2185378074645996,"y":-0.5638552308082581,"z":0.15792836248874665,"w":-0.7806656956672669},"size":43.00722122192383,"orthographic":false}