{"cameraMode":{"drawMode":0,"name":"Shaded","section":"Shading Mode"},"sceneLighting":true,"audioPlay":false,"sceneViewState":{"showFog":false,"showMaterialUpdate":false,"showSkybox":true,"showFlares":false,"showImageEffects":false,"showParticleSystems":false},"in2DMode":false,"pivot":{"x":-40.44150161743164,"y":114.35881805419922,"z":1.7019329071044922},"rotation":{"x":-0.2711786925792694,"y":0.4238668382167816,"z":-0.13454222679138184,"w":-0.8537790179252625},"size":10.240546226501465,"orthographic":false}