{"cameraMode":{"drawMode":0,"name":"Shaded","section":"Shading Mode"},"sceneLighting":true,"audioPlay":false,"sceneViewState":{"showFog":true,"showMaterialUpdate":true,"showSkybox":false,"showFlares":true,"showImageEffects":true,"showParticleSystems":true},"in2DMode":false,"pivot":{"x":-54.121726989746097,"y":20.612810134887697,"z":33.543697357177737},"rotation":{"x":-0.08573728799819946,"y":0.7806902527809143,"z":-0.10986995697021485,"w":-0.6092810034751892},"size":30.310888290405275,"orthographic":false}