{"cameraMode":{"drawMode":0,"name":"Shaded","section":"Shading Mode"},"sceneLighting":true,"audioPlay":false,"sceneViewState":{"showFog":false,"showMaterialUpdate":false,"showSkybox":false,"showFlares":false,"showImageEffects":false,"showParticleSystems":false},"in2DMode":false,"pivot":{"x":-4.38745641708374,"y":7.4394073486328129,"z":-15.439407348632813},"rotation":{"x":0.003957432694733143,"y":0.992764949798584,"z":0.03426588326692581,"w":-0.11517424136400223},"size":15.772653579711914,"orthographic":false}