{"cameraMode":{"drawMode":0,"name":"Shaded","section":"Shading Mode"},"sceneLighting":false,"audioPlay":false,"sceneViewState":{"showFog":true,"showMaterialUpdate":true,"showSkybox":false,"showFlares":true,"showImageEffects":true,"showParticleSystems":true},"in2DMode":false,"pivot":{"x":10.390856742858887,"y":10.194978713989258,"z":-9.252758026123047},"rotation":{"x":0.003176488447934389,"y":0.9964925646781921,"z":-0.0721820667386055,"w":0.043676137924194339},"size":10.240546226501465,"orthographic":false}