{"cameraMode":{"drawMode":0,"name":"Shaded","section":"Shading Mode"},"sceneLighting":true,"audioPlay":false,"sceneViewState":{"showFog":false,"showMaterialUpdate":false,"showSkybox":true,"showFlares":false,"showImageEffects":false,"showParticleSystems":false},"in2DMode":false,"pivot":{"x":-60.39201736450195,"y":3.2184908390045168,"z":-28.25916862487793},"rotation":{"x":-0.21403510868549348,"y":0.7597119212150574,"z":-0.3050978481769562,"w":-0.5328956842422485},"size":14.91897201538086,"orthographic":false}