{"cameraMode":{"drawMode":0,"name":"Shaded","section":"Shading Mode"},"sceneLighting":true,"audioPlay":false,"sceneViewState":{"showFog":false,"showMaterialUpdate":false,"showSkybox":false,"showFlares":false,"showImageEffects":false,"showParticleSystems":false},"in2DMode":false,"pivot":{"x":0.370105117559433,"y":3.466883420944214,"z":-7.304939270019531},"rotation":{"x":-0.003245594212785363,"y":-0.9942470192909241,"z":0.03283681720495224,"w":-0.10269146412611008},"size":9.689987182617188,"orthographic":false}