{"cameraMode":{"drawMode":0,"name":"Shaded","section":"Shading Mode"},"sceneLighting":true,"audioPlay":false,"sceneViewState":{"showFog":false,"showMaterialUpdate":false,"showSkybox":false,"showFlares":false,"showImageEffects":false,"showParticleSystems":false},"in2DMode":false,"pivot":{"x":11.132548332214356,"y":10.763952255249024,"z":-14.393536567687989},"rotation":{"x":0.10637643188238144,"y":-0.8883883357048035,"z":0.26026222109794619,"w":0.36297330260276797},"size":4.477744102478027,"orthographic":false}