{"cameraMode":{"drawMode":0,"name":"Shaded","section":"Shading Mode"},"sceneLighting":true,"audioPlay":false,"sceneViewState":{"showFog":false,"showMaterialUpdate":false,"showSkybox":false,"showFlares":false,"showImageEffects":false,"showParticleSystems":false},"in2DMode":false,"pivot":{"x":1.4253122806549073,"y":2.865731954574585,"z":5.862299919128418},"rotation":{"x":-0.04755118489265442,"y":-0.13086311519145966,"z":0.00644140038639307,"w":-0.9903175234794617},"size":3.5638267993927,"orthographic":false}