{"cameraMode":{"drawMode":0,"name":"Shaded","section":"Shading Mode"},"sceneLighting":true,"audioPlay":false,"sceneViewState":{"showFog":false,"showMaterialUpdate":false,"showSkybox":false,"showFlares":false,"showImageEffects":false,"showParticleSystems":false},"in2DMode":false,"pivot":{"x":-3.978407382965088,"y":10.367496490478516,"z":-4.189775466918945},"rotation":{"x":-0.044496845453977588,"y":-0.951973021030426,"z":-0.1688501536846161,"w":0.25183039903640749},"size":10.30276870727539,"orthographic":false}