{"cameraMode":{"drawMode":0,"name":"Shaded","section":"Shading Mode"},"sceneLighting":false,"audioPlay":false,"sceneViewState":{"showFog":false,"showMaterialUpdate":false,"showSkybox":false,"showFlares":false,"showImageEffects":false,"showParticleSystems":false},"in2DMode":false,"pivot":{"x":55.71104431152344,"y":395.2290344238281,"z":107.04313659667969},"rotation":{"x":-0.00908686313778162,"y":-0.8276981711387634,"z":-0.013775709085166455,"w":0.5611273646354675},"size":759.3109130859375,"orthographic":false}