{"cameraMode":{"drawMode":0,"name":"Shaded","section":"Shading Mode"},"sceneLighting":true,"audioPlay":false,"sceneViewState":{"showFog":false,"showMaterialUpdate":false,"showSkybox":false,"showFlares":false,"showImageEffects":false,"showParticleSystems":false},"in2DMode":false,"pivot":{"x":-50.81268310546875,"y":10.004295349121094,"z":-37.10407638549805},"rotation":{"x":0.1387854367494583,"y":0.061442915350198749,"z":-0.008627292700111866,"w":0.9884132146835327},"size":10.306733131408692,"orthographic":false}