{"cameraMode":{"drawMode":0,"name":"Shaded","section":"Shading Mode"},"sceneLighting":true,"audioPlay":false,"sceneViewState":{"showFog":false,"showMaterialUpdate":false,"showSkybox":true,"showFlares":false,"showImageEffects":false,"showParticleSystems":false},"in2DMode":false,"pivot":{"x":23.305400848388673,"y":-119.50374603271485,"z":100.1157455444336},"rotation":{"x":-0.08023492246866226,"y":-0.8401665687561035,"z":0.5208562016487122,"w":-0.12881022691726685},"size":149.28443908691407,"orthographic":false}