{"cameraMode":{"drawMode":0,"name":"Shaded","section":"Shading Mode"},"sceneLighting":true,"audioPlay":false,"sceneViewState":{"showFog":false,"showMaterialUpdate":false,"showSkybox":false,"showFlares":false,"showImageEffects":false,"showParticleSystems":false},"in2DMode":false,"pivot":{"x":38.90631866455078,"y":45.70863342285156,"z":-38.26811218261719},"rotation":{"x":0.19395771622657777,"y":-0.8004150986671448,"z":0.3445628583431244,"w":0.45057690143585207},"size":102.59756469726563,"orthographic":false}