{"cameraMode":{"drawMode":0,"name":"Shaded","section":"Shading Mode"},"sceneLighting":false,"audioPlay":false,"sceneViewState":{"showFog":false,"showMaterialUpdate":false,"showSkybox":false,"showFlares":false,"showImageEffects":false,"showParticleSystems":false},"in2DMode":false,"pivot":{"x":137.10000610351563,"y":353.02685546875,"z":-136.60000610351563},"rotation":{"x":-0.31947869062423708,"y":-0.4749028980731964,"z":0.19029946625232697,"w":-0.7976584434509277},"size":43.00722122192383,"orthographic":false}