{"cameraMode":{"drawMode":0,"name":"Shaded","section":"Shading Mode"},"sceneLighting":true,"audioPlay":false,"sceneViewState":{"showFog":false,"showMaterialUpdate":false,"showSkybox":true,"showFlares":false,"showImageEffects":false,"showParticleSystems":false},"in2DMode":false,"pivot":{"x":-13.076351165771485,"y":-142.23831176757813,"z":138.48695373535157},"rotation":{"x":-0.3944496214389801,"y":-0.066039077937603,"z":0.028044022619724275,"w":-0.9162309765815735},"size":149.28443908691407,"orthographic":false}