{"cameraMode":{"drawMode":0,"name":"Shaded","section":"Shading Mode"},"sceneLighting":false,"audioPlay":false,"sceneViewState":{"showFog":false,"showMaterialUpdate":false,"showSkybox":false,"showFlares":false,"showImageEffects":false,"showParticleSystems":false},"in2DMode":false,"pivot":{"x":174.64749145507813,"y":7.7858567237854e-7,"z":-5.700316905975342},"rotation":{"x":-0.1655159890651703,"y":0.7859655618667603,"z":-0.2379133552312851,"w":-0.5463523864746094},"size":1.8584924936294556,"orthographic":false}