{"cameraMode":{"drawMode":0,"name":"Shaded","section":"Shading Mode"},"sceneLighting":false,"audioPlay":false,"sceneViewState":{"showFog":false,"showMaterialUpdate":false,"showSkybox":false,"showFlares":false,"showImageEffects":false,"showParticleSystems":false},"in2DMode":false,"pivot":{"x":1.3385543823242188,"y":6.457438945770264,"z":4.689609527587891},"rotation":{"x":-0.2185378074645996,"y":-0.5638552308082581,"z":0.15792836248874665,"w":-0.7806656956672669},"size":29.896596908569337,"orthographic":false}