{"cameraMode":{"drawMode":0,"name":"Shaded","section":"Shading Mode"},"sceneLighting":true,"audioPlay":false,"sceneViewState":{"showFog":false,"showMaterialUpdate":false,"showSkybox":false,"showFlares":false,"showImageEffects":false,"showParticleSystems":false},"in2DMode":false,"pivot":{"x":-88.67617797851563,"y":68.25670623779297,"z":30.163515090942384},"rotation":{"x":-0.27858859300613406,"y":-0.4946820139884949,"z":0.17103900015354157,"w":-0.805328369140625},"size":37.71624755859375,"orthographic":false}