{"cameraMode":{"drawMode":0,"name":"Shaded","section":"Shading Mode"},"sceneLighting":false,"audioPlay":false,"sceneViewState":{"showFog":false,"showMaterialUpdate":false,"showSkybox":false,"showFlares":false,"showImageEffects":false,"showParticleSystems":false},"in2DMode":false,"pivot":{"x":134.78573608398438,"y":342.002197265625,"z":-149.36341857910157},"rotation":{"x":-0.31947869062423708,"y":-0.4749028980731964,"z":0.19029946625232697,"w":-0.7976584434509277},"size":32.90974807739258,"orthographic":false}