{"cameraMode":{"drawMode":0,"name":"Shaded","section":"Shading Mode"},"sceneLighting":true,"audioPlay":false,"sceneViewState":{"showFog":false,"showMaterialUpdate":false,"showSkybox":false,"showFlares":false,"showImageEffects":false,"showParticleSystems":false},"in2DMode":false,"pivot":{"x":-9.752702713012696,"y":18.92342758178711,"z":26.180360794067384},"rotation":{"x":-0.0005528061301447451,"y":-0.9983789920806885,"z":0.056971434503793719,"w":-0.012909949757158757},"size":10.30276870727539,"orthographic":false}