{"cameraMode":{"drawMode":0,"name":"Shaded","section":"Shading Mode"},"sceneLighting":false,"audioPlay":false,"sceneViewState":{"showFog":true,"showMaterialUpdate":true,"showSkybox":false,"showFlares":true,"showImageEffects":true,"showParticleSystems":true},"in2DMode":false,"pivot":{"x":-11.713866233825684,"y":23.438783645629884,"z":-61.829654693603519},"rotation":{"x":-0.003704685717821121,"y":0.9952865839004517,"z":-0.0421379990875721,"w":-0.08800925314426422},"size":61.991798400878909,"orthographic":false}