{"cameraMode":{"drawMode":0,"name":"Shaded","section":"Shading Mode"},"sceneLighting":false,"audioPlay":false,"sceneViewState":{"showFog":true,"showMaterialUpdate":true,"showSkybox":false,"showFlares":true,"showImageEffects":true,"showParticleSystems":true},"in2DMode":false,"pivot":{"x":0.048443377017974856,"y":15.748014450073243,"z":-0.020014703273773195},"rotation":{"x":0.003176488447934389,"y":0.9964925646781921,"z":-0.0721820667386055,"w":0.043676137924194339},"size":16.358074188232423,"orthographic":false}