{"cameraMode":{"drawMode":0,"name":"Shaded","section":"Shading Mode"},"sceneLighting":false,"audioPlay":false,"sceneViewState":{"showFog":false,"showMaterialUpdate":false,"showSkybox":false,"showFlares":false,"showImageEffects":false,"showParticleSystems":false},"in2DMode":false,"pivot":{"x":245.13497924804688,"y":347.3460388183594,"z":-98.28771209716797},"rotation":{"x":-0.4675024151802063,"y":-0.3609192669391632,"z":0.21706832945346833,"w":-0.7772550582885742},"size":23.200395584106447,"orthographic":false}