{"cameraMode":{"drawMode":0,"name":"Shaded","section":"Shading Mode"},"sceneLighting":false,"audioPlay":false,"sceneViewState":{"showFog":false,"showMaterialUpdate":false,"showSkybox":false,"showFlares":false,"showImageEffects":false,"showParticleSystems":false},"in2DMode":false,"pivot":{"x":407.74273681640627,"y":352.44781494140627,"z":-221.7097930908203},"rotation":{"x":0.39884495735168459,"y":0.49382829666137698,"z":-0.27232447266578677,"w":0.7231579422950745},"size":26.95137596130371,"orthographic":false}