{"cameraMode":{"drawMode":0,"name":"Shaded","section":"Shading Mode"},"sceneLighting":true,"audioPlay":false,"sceneViewState":{"showFog":false,"showMaterialUpdate":false,"showSkybox":true,"showFlares":false,"showImageEffects":false,"showParticleSystems":false},"in2DMode":false,"pivot":{"x":-2.787200450897217,"y":2.2609071731567385,"z":-23.39485740661621},"rotation":{"x":-0.02220951020717621,"y":0.9234416484832764,"z":-0.05408458039164543,"w":-0.3792661726474762},"size":1.3122754096984864,"orthographic":false}