{"cameraMode":{"drawMode":0,"name":"Shaded","section":"Shading Mode"},"sceneLighting":true,"audioPlay":false,"sceneViewState":{"showFog":false,"showMaterialUpdate":false,"showSkybox":false,"showFlares":false,"showImageEffects":false,"showParticleSystems":false},"in2DMode":false,"pivot":{"x":23.82699203491211,"y":47.64641571044922,"z":-21.338319778442384},"rotation":{"x":0.19372892379760743,"y":-0.761150062084198,"z":0.26331570744514468,"w":0.5602812767028809},"size":37.71624755859375,"orthographic":false}