{"cameraMode":{"drawMode":0,"name":"Shaded","section":"Shading Mode"},"sceneLighting":true,"audioPlay":false,"sceneViewState":{"showFog":false,"showMaterialUpdate":false,"showSkybox":false,"showFlares":false,"showImageEffects":false,"showParticleSystems":false},"in2DMode":false,"pivot":{"x":11.548443794250489,"y":16.14801025390625,"z":-24.720012664794923},"rotation":{"x":-0.0769742801785469,"y":0.7555121183395386,"z":-0.09014646708965302,"w":-0.6444187164306641},"size":16.358074188232423,"orthographic":false}