{"cameraMode":{"drawMode":0,"name":"Shaded","section":"Shading Mode"},"sceneLighting":true,"audioPlay":false,"sceneViewState":{"showFog":false,"showMaterialUpdate":false,"showSkybox":false,"showFlares":false,"showImageEffects":false,"showParticleSystems":false},"in2DMode":false,"pivot":{"x":-4.419288635253906,"y":2.2389073371887209,"z":-25.064224243164064},"rotation":{"x":0.0532238632440567,"y":0.9293336272239685,"z":-0.14787957072257996,"w":0.3343137502670288},"size":4.012275218963623,"orthographic":false}