{"cameraMode":{"drawMode":0,"name":"Shaded","section":"Shading Mode"},"sceneLighting":true,"audioPlay":false,"sceneViewState":{"showFog":true,"showMaterialUpdate":true,"showSkybox":false,"showFlares":true,"showImageEffects":true,"showParticleSystems":true},"in2DMode":false,"pivot":{"x":2.9889652729034426,"y":16.13115882873535,"z":-10.451964378356934},"rotation":{"x":-0.0030931581277400257,"y":0.9910460114479065,"z":0.023486025631427766,"w":0.1318872720003128},"size":16.35807228088379,"orthographic":false}