{"cameraMode":{"drawMode":0,"name":"Shaded","section":"Shading Mode"},"sceneLighting":true,"audioPlay":false,"sceneViewState":{"showFog":false,"showMaterialUpdate":false,"showSkybox":true,"showFlares":false,"showImageEffects":false,"showParticleSystems":false},"in2DMode":false,"pivot":{"x":37.72823715209961,"y":8.324906349182129,"z":-14.522789001464844},"rotation":{"x":0.05025314539670944,"y":-0.8749175071716309,"z":0.09298959374427796,"w":0.47263485193252566},"size":3.6581497192382814,"orthographic":false}