{"cameraMode":{"drawMode":0,"name":"Shaded","section":"Shading Mode"},"sceneLighting":true,"audioPlay":false,"sceneViewState":{"showFog":true,"showMaterialUpdate":true,"showSkybox":false,"showFlares":true,"showImageEffects":true,"showParticleSystems":true},"in2DMode":false,"pivot":{"x":3.5411429405212404,"y":2.8137831687927248,"z":-14.134370803833008},"rotation":{"x":0.005682803690433502,"y":0.9939555525779724,"z":-0.09151152521371842,"w":0.06150075048208237},"size":16.35807228088379,"orthographic":false}