{"cameraMode":{"drawMode":0,"name":"Shaded","section":"Shading Mode"},"sceneLighting":false,"audioPlay":false,"sceneViewState":{"showFog":false,"showMaterialUpdate":false,"showSkybox":false,"showFlares":false,"showImageEffects":false,"showParticleSystems":false},"in2DMode":false,"pivot":{"x":-20.318893432617189,"y":3.246368169784546,"z":-20.565874099731447},"rotation":{"x":-0.0038245595060288908,"y":-0.9165802597999573,"z":-0.008810068480670452,"w":0.3997846841812134},"size":3.4589462280273439,"orthographic":false}