{"cameraMode":{"drawMode":0,"name":"Shaded","section":"Shading Mode"},"sceneLighting":false,"audioPlay":false,"sceneViewState":{"showFog":false,"showMaterialUpdate":false,"showSkybox":false,"showFlares":false,"showImageEffects":false,"showParticleSystems":false},"in2DMode":false,"pivot":{"x":-7.205799102783203,"y":3.0503334999084474,"z":-21.927276611328126},"rotation":{"x":-0.004695240408182144,"y":0.9953855872154236,"z":-0.06309786438941956,"w":-0.07300356030464173},"size":2.635932207107544,"orthographic":false}