{"cameraMode":{"drawMode":0,"name":"Shaded","section":"Shading Mode"},"sceneLighting":false,"audioPlay":false,"sceneViewState":{"showFog":false,"showMaterialUpdate":false,"showSkybox":false,"showFlares":false,"showImageEffects":false,"showParticleSystems":false},"in2DMode":false,"pivot":{"x":-18.857370376586915,"y":3.910935878753662,"z":-13.919651985168457},"rotation":{"x":0.050716664642095569,"y":-0.33959200978279116,"z":0.018468959257006646,"w":0.9391292333602905},"size":1.9634933471679688,"orthographic":false}