{"cameraMode":{"drawMode":0,"name":"Shaded","section":"Shading Mode"},"sceneLighting":false,"audioPlay":false,"sceneViewState":{"showFog":false,"showMaterialUpdate":false,"showSkybox":false,"showFlares":false,"showImageEffects":false,"showParticleSystems":false},"in2DMode":false,"pivot":{"x":409.1859436035156,"y":371.66522216796877,"z":-230.30772399902345},"rotation":{"x":0.20025382936000825,"y":0.7980762124061585,"z":-0.43079084157943728,"w":0.37081795930862429},"size":31.616147994995118,"orthographic":false}