{"cameraMode":{"drawMode":0,"name":"Shaded","section":"Shading Mode"},"sceneLighting":true,"audioPlay":false,"sceneViewState":{"showFog":false,"showMaterialUpdate":false,"showSkybox":true,"showFlares":false,"showImageEffects":false,"showParticleSystems":false},"in2DMode":false,"pivot":{"x":100.98664855957031,"y":80.94297790527344,"z":58.832881927490237},"rotation":{"x":0.2012903094291687,"y":-0.6041185259819031,"z":0.16149719059467317,"w":0.7540819644927979},"size":7.155774116516113,"orthographic":false}