{"cameraMode":{"drawMode":0,"name":"Shaded","section":"Shading Mode"},"sceneLighting":true,"audioPlay":false,"sceneViewState":{"showFog":false,"showMaterialUpdate":false,"showSkybox":true,"showFlares":false,"showImageEffects":false,"showParticleSystems":false},"in2DMode":false,"pivot":{"x":4.487333297729492,"y":68.70777130126953,"z":22.979272842407228},"rotation":{"x":-0.15972153842449189,"y":0.8402787446975708,"z":-0.36411112546920779,"w":-0.36860159039497378},"size":0.0010597443906590343,"orthographic":false}