{"cameraMode":{"drawMode":0,"name":"Shaded","section":"Shading Mode"},"sceneLighting":true,"audioPlay":false,"sceneViewState":{"showFog":false,"showMaterialUpdate":false,"showSkybox":false,"showFlares":false,"showImageEffects":false,"showParticleSystems":false},"in2DMode":false,"pivot":{"x":-37.12064743041992,"y":12.388392448425293,"z":-32.136627197265628},"rotation":{"x":0.10844601690769196,"y":-0.8426022529602051,"z":0.1848721206188202,"w":0.4941173195838928},"size":4.031128883361816,"orthographic":false}