{"cameraMode":{"drawMode":0,"name":"Shaded","section":"Shading Mode"},"sceneLighting":true,"audioPlay":false,"sceneViewState":{"showFog":false,"showMaterialUpdate":false,"showSkybox":true,"showFlares":false,"showImageEffects":false,"showParticleSystems":false},"in2DMode":false,"pivot":{"x":-73.4000015258789,"y":3.0799999237060549,"z":20.899999618530275},"rotation":{"x":0.05364028364419937,"y":0.8004690408706665,"z":-0.07213714718818665,"w":0.5927801132202148},"size":3.521636486053467,"orthographic":false}