{"cameraMode":{"drawMode":0,"name":"Shaded","section":"Shading Mode"},"sceneLighting":true,"audioPlay":false,"sceneViewState":{"showFog":false,"showMaterialUpdate":false,"showSkybox":true,"showFlares":false,"showImageEffects":false,"showParticleSystems":false},"in2DMode":false,"pivot":{"x":-20.868501663208009,"y":3.894002914428711,"z":-24.025737762451173},"rotation":{"x":0.23861221969127656,"y":-0.491440087556839,"z":0.1420598328113556,"w":0.8254516124725342},"size":8.20694637298584,"orthographic":false}