{"cameraMode":{"drawMode":0,"name":"Shaded","section":"Shading Mode"},"sceneLighting":true,"audioPlay":false,"sceneViewState":{"showFog":true,"showMaterialUpdate":true,"showSkybox":false,"showFlares":true,"showImageEffects":true,"showParticleSystems":true},"in2DMode":false,"pivot":{"x":0.030681848526000978,"y":16.89731788635254,"z":-0.02018916606903076},"rotation":{"x":0.003176488447934389,"y":0.9964925646781921,"z":-0.0721820667386055,"w":0.043676137924194339},"size":23.11034393310547,"orthographic":false}