{"cameraMode":{"drawMode":0,"name":"Shaded","section":"Shading Mode"},"sceneLighting":false,"audioPlay":false,"sceneViewState":{"showFog":true,"showMaterialUpdate":true,"showSkybox":false,"showFlares":true,"showImageEffects":true,"showParticleSystems":true},"in2DMode":false,"pivot":{"x":10.284135818481446,"y":9.308548927307129,"z":-4.219266891479492},"rotation":{"x":0.006830322556197643,"y":0.9926987886428833,"z":-0.10041388869285584,"w":0.06740998476743698},"size":55.96063995361328,"orthographic":false}