{"cameraMode":{"drawMode":0,"name":"Shaded","section":"Shading Mode"},"sceneLighting":false,"audioPlay":false,"sceneViewState":{"showFog":true,"showMaterialUpdate":true,"showSkybox":false,"showFlares":true,"showImageEffects":true,"showParticleSystems":true},"in2DMode":false,"pivot":{"x":-0.013839732855558396,"y":2.0292835235595705,"z":0.009375005960464478},"rotation":{"x":0.012580769136548043,"y":0.9861981868743897,"z":0.13966891169548036,"w":-0.08869520574808121},"size":0.17320503294467927,"orthographic":false}