{"cameraMode":{"drawMode":0,"name":"Shaded","section":"Shading Mode"},"sceneLighting":false,"audioPlay":false,"sceneViewState":{"showFog":false,"showMaterialUpdate":false,"showSkybox":false,"showFlares":false,"showImageEffects":false,"showParticleSystems":false},"in2DMode":false,"pivot":{"x":-3.4066786766052248,"y":1.7003331184387208,"z":-25.929244995117189},"rotation":{"x":0.031572531908750537,"y":0.8582550883293152,"z":-0.053097158670425418,"w":0.509616494178772},"size":2.635932207107544,"orthographic":false}