{"cameraMode":{"drawMode":0,"name":"Shaded","section":"Shading Mode"},"sceneLighting":false,"audioPlay":false,"sceneViewState":{"showFog":true,"showMaterialUpdate":true,"showSkybox":false,"showFlares":true,"showImageEffects":true,"showParticleSystems":true},"in2DMode":false,"pivot":{"x":9.077845573425293,"y":14.85093879699707,"z":-11.472574234008789},"rotation":{"x":0.003176488447934389,"y":0.9964925646781921,"z":-0.0721820667386055,"w":0.043676137924194339},"size":5.567081451416016,"orthographic":false}