{"cameraMode":{"drawMode":0,"name":"Shaded","section":"Shading Mode"},"sceneLighting":false,"audioPlay":false,"sceneViewState":{"showFog":false,"showMaterialUpdate":false,"showSkybox":false,"showFlares":false,"showImageEffects":false,"showParticleSystems":false},"in2DMode":false,"pivot":{"x":3.226402759552002,"y":-0.477855920791626,"z":-10.839454650878907},"rotation":{"x":-0.21428921818733216,"y":-0.0220456775277853,"z":0.004757878370583057,"w":-0.9766135811805725},"size":4.6634931564331059,"orthographic":false}