{"cameraMode":{"drawMode":0,"name":"Shaded","section":"Shading Mode"},"sceneLighting":true,"audioPlay":false,"sceneViewState":{"showFog":false,"showMaterialUpdate":false,"showSkybox":false,"showFlares":false,"showImageEffects":false,"showParticleSystems":false},"in2DMode":false,"pivot":{"x":13.877241134643555,"y":7.628135681152344,"z":-19.46664047241211},"rotation":{"x":-0.022991865873336793,"y":-0.8843849897384644,"z":-0.04381345212459564,"w":0.4641319215297699},"size":13.095270156860352,"orthographic":false}