{"cameraMode":{"drawMode":0,"name":"Shaded","section":"Shading Mode"},"sceneLighting":false,"audioPlay":false,"sceneViewState":{"showFog":true,"showMaterialUpdate":true,"showSkybox":false,"showFlares":true,"showImageEffects":true,"showParticleSystems":true},"in2DMode":false,"pivot":{"x":57.34260559082031,"y":319.31060791015627,"z":-108.70055389404297},"rotation":{"x":-0.0029634658712893726,"y":0.9965568780899048,"z":-0.0406939834356308,"w":-0.07307491451501847},"size":626.1057739257813,"orthographic":false}