{"cameraMode":{"drawMode":0,"name":"Shaded","section":"Shading Mode"},"sceneLighting":true,"audioPlay":false,"sceneViewState":{"showFog":false,"showMaterialUpdate":false,"showSkybox":false,"showFlares":false,"showImageEffects":false,"showParticleSystems":false},"in2DMode":false,"pivot":{"x":38.82079315185547,"y":24.35089874267578,"z":-3.923079490661621},"rotation":{"x":0.1079021692276001,"y":-0.8899143934249878,"z":0.2781975567340851,"w":0.3450382351875305},"size":4.558149814605713,"orthographic":false}