{"cameraMode":{"drawMode":0,"name":"Shaded","section":"Shading Mode"},"sceneLighting":true,"audioPlay":false,"sceneViewState":{"showFog":false,"showMaterialUpdate":false,"showSkybox":true,"showFlares":false,"showImageEffects":false,"showParticleSystems":false},"in2DMode":false,"pivot":{"x":-53.60382080078125,"y":8.359861373901368,"z":-27.513853073120118},"rotation":{"x":0.053296953439712527,"y":-0.5113540887832642,"z":-0.03179880976676941,"w":-0.8571285009384155},"size":2.5608904361724855,"orthographic":false}