{"cameraMode":{"drawMode":0,"name":"Shaded","section":"Shading Mode"},"sceneLighting":false,"audioPlay":false,"sceneViewState":{"showFog":true,"showMaterialUpdate":true,"showSkybox":false,"showFlares":true,"showImageEffects":true,"showParticleSystems":true},"in2DMode":false,"pivot":{"x":4.8056488037109379,"y":15.901269912719727,"z":-5.713608264923096},"rotation":{"x":0.003176488447934389,"y":0.9964925646781921,"z":-0.0721820667386055,"w":0.043676137924194339},"size":16.35807228088379,"orthographic":false}