{"cameraMode":{"drawMode":0,"name":"Shaded","section":"Shading Mode"},"sceneLighting":true,"audioPlay":false,"sceneViewState":{"showFog":true,"showMaterialUpdate":true,"showSkybox":false,"showFlares":true,"showImageEffects":true,"showParticleSystems":true},"in2DMode":false,"pivot":{"x":-5.965470790863037,"y":9.230474472045899,"z":-11.226593971252442},"rotation":{"x":0.008954936638474465,"y":0.9910723567008972,"z":-0.10024790465831757,"w":0.08822974562644959},"size":20.521949768066408,"orthographic":false}