{"cameraMode":{"drawMode":0,"name":"Shaded","section":"Shading Mode"},"sceneLighting":true,"audioPlay":false,"sceneViewState":{"showFog":false,"showMaterialUpdate":false,"showSkybox":false,"showFlares":false,"showImageEffects":false,"showParticleSystems":false},"in2DMode":false,"pivot":{"x":-0.30786561965942385,"y":1.8750030994415284,"z":0.1534392237663269},"rotation":{"x":0.034441787749528888,"y":-0.9657644629478455,"z":0.18320681154727937,"w":0.18080070614814759},"size":3.5638267993927,"orthographic":false}