{"cameraMode":{"drawMode":0,"name":"Shaded","section":"Shading Mode"},"sceneLighting":true,"audioPlay":false,"sceneViewState":{"showFog":false,"showMaterialUpdate":false,"showSkybox":false,"showFlares":false,"showImageEffects":false,"showParticleSystems":false},"in2DMode":false,"pivot":{"x":0.370105117559433,"y":3.466883420944214,"z":-7.304939270019531},"rotation":{"x":-0.0004309930664021522,"y":-0.9918784499168396,"z":-0.004482182674109936,"w":0.12774381041526795},"size":10.0,"orthographic":false}