{"cameraMode":{"drawMode":0,"name":"Shaded","section":"Shading Mode"},"sceneLighting":true,"audioPlay":false,"sceneViewState":{"showFog":false,"showMaterialUpdate":false,"showSkybox":true,"showFlares":false,"showImageEffects":false,"showParticleSystems":false},"in2DMode":false,"pivot":{"x":114.7300033569336,"y":2.7809998989105226,"z":-4.829999923706055},"rotation":{"x":0.2959047257900238,"y":0.3250030279159546,"z":-0.1078464612364769,"w":0.8917320370674133},"size":2.8608903884887697,"orthographic":false}