{"cameraMode":{"drawMode":0,"name":"Shaded","section":"Shading Mode"},"sceneLighting":true,"audioPlay":false,"sceneViewState":{"showFog":false,"showMaterialUpdate":false,"showSkybox":false,"showFlares":false,"showImageEffects":false,"showParticleSystems":false},"in2DMode":false,"pivot":{"x":8.157735824584961,"y":29.8789119720459,"z":-1.4699525833129883},"rotation":{"x":0.0230930894613266,"y":-0.9768381118774414,"z":0.1581403613090515,"w":0.14251984655857087},"size":2.902411699295044,"orthographic":false}