{"cameraMode":{"drawMode":0,"name":"Shaded","section":"Shading Mode"},"sceneLighting":true,"audioPlay":false,"sceneViewState":{"showFog":true,"showMaterialUpdate":true,"showSkybox":false,"showFlares":true,"showImageEffects":true,"showParticleSystems":true},"in2DMode":false,"pivot":{"x":-0.0848049521446228,"y":5.787688255310059,"z":-3.3753652572631838},"rotation":{"x":-0.00929633155465126,"y":0.9664011001586914,"z":0.2546924650669098,"w":0.03508586436510086},"size":4.207394599914551,"orthographic":false}