{"cameraMode":{"drawMode":0,"name":"Shaded","section":"Shading Mode"},"sceneLighting":false,"audioPlay":false,"sceneViewState":{"showFog":true,"showMaterialUpdate":true,"showSkybox":false,"showFlares":true,"showImageEffects":true,"showParticleSystems":true},"in2DMode":false,"pivot":{"x":58.463417053222659,"y":392.42620849609377,"z":-404.0281982421875},"rotation":{"x":-0.31185874342918398,"y":-0.41128140687942507,"z":0.15208648145198823,"w":-0.8429685235023499},"size":9.093345642089844,"orthographic":false}