{"cameraMode":{"drawMode":0,"name":"Shaded","section":"Shading Mode"},"sceneLighting":true,"audioPlay":false,"sceneViewState":{"showFog":true,"showMaterialUpdate":true,"showSkybox":false,"showFlares":true,"showImageEffects":true,"showParticleSystems":true},"in2DMode":false,"pivot":{"x":-19.57343101501465,"y":-5.441760063171387,"z":35.935489654541019},"rotation":{"x":-0.09180500358343125,"y":0.24301545321941377,"z":-0.023114308714866639,"w":-0.9654120206832886},"size":52.70130157470703,"orthographic":false}