{"cameraMode":{"drawMode":0,"name":"Shaded","section":"Shading Mode"},"sceneLighting":true,"audioPlay":false,"sceneViewState":{"showFog":true,"showMaterialUpdate":false,"showSkybox":true,"showFlares":true,"showImageEffects":true,"showParticleSystems":true},"in2DMode":false,"pivot":{"x":28.68686294555664,"y":6.070409297943115,"z":27.508161544799806},"rotation":{"x":-0.01011834479868412,"y":-0.7381171584129334,"z":-0.011072590947151184,"w":0.6745059490203857},"size":10.0,"orthographic":false}