{"cameraMode":{"drawMode":0,"name":"Shaded","section":"Shading Mode"},"sceneLighting":true,"audioPlay":false,"sceneViewState":{"showFog":true,"showMaterialUpdate":false,"showSkybox":false,"showFlares":true,"showImageEffects":true,"showParticleSystems":true},"in2DMode":false,"pivot":{"x":2.4609906673431398,"y":1.50600004196167,"z":1.2818082571029664},"rotation":{"x":-0.10405353456735611,"y":0.8043326139450073,"z":-0.14786826074123383,"w":-0.5660015344619751},"size":7.0550456047058109,"orthographic":false}