{"cameraMode":{"drawMode":0,"name":"Shaded","section":"Shading Mode"},"sceneLighting":false,"audioPlay":false,"sceneViewState":{"showFog":true,"showMaterialUpdate":false,"showSkybox":false,"showFlares":true,"showImageEffects":true,"showParticleSystems":true},"in2DMode":false,"pivot":{"x":38.90999984741211,"y":1.6100000143051148,"z":30.489999771118165},"rotation":{"x":0.10897089540958405,"y":-0.28504815697669985,"z":0.032637059688568118,"w":0.9517391324043274},"size":1.732050895690918,"orthographic":false}