{"cameraMode":{"drawMode":0,"name":"Shaded","section":"Shading Mode"},"sceneLighting":false,"audioPlay":false,"sceneViewState":{"showFog":true,"showMaterialUpdate":false,"showSkybox":false,"showFlares":true,"showImageEffects":true,"showParticleSystems":true},"in2DMode":false,"pivot":{"x":27.089601516723634,"y":3.447739601135254,"z":33.32628631591797},"rotation":{"x":0.30978575348854067,"y":-0.559127151966095,"z":0.23672522604465486,"w":0.7316918969154358},"size":8.527909278869629,"orthographic":false}